CAD,burned_fraction,dxb_dCAD,Qdot_W,q_W_m3,volume_m3
-180.0,0.0,0.0,0.0,0.0,9.428526853963951e-06
-13.0,0.0,0.0,0.0,0.0,1.0757655849853911e-06
-12.9,2.7010425927930047e-10,1.0804171792289342e-08,0.0012682321054854964,1181.1332899027502,1.0737417328995252e-06
-12.8,4.321668704135987e-09,8.643337398847454e-08,0.010145856802818484,9466.775573305573,1.0717331074614027e-06
-12.7,2.18784476688258e-08,2.91712632094694e-07,0.034242266108930275,32009.90440436475,1.0697397179437102e-06
-12.6,6.91466971546405e-08,6.914669471282624e-07,0.08116684916616695,76015.8926644523,1.0677615735495194e-06
-12.5,1.688151700511702e-07,1.3505212466400757e-06,0.15852898649312516,148741.9612731949,1.0657986834122376e-06
-12.4,3.500551049118261e-07,2.333700291657169e-06,0.2739380390612385,257496.6085364193,1.0638510565955425e-06
-12.3,6.485202019490188e-07,3.705828524852318e-06,0.43500333047238554,409639.014375462,1.0619187020933397e-06
-12.2,1.1063465804700517e-06,5.531729845247725e-06,0.6493341205128073,612578.4176668853,1.0600016288296813e-06
-12.1,1.7721527099743916e-06,7.876227294759952e-06,0.924539568358637,873773.4649068528,1.0580998456587327e-06
-12.0,2.7010393046880367e-06,1.0804142641894615e-05,1.2682286837085024,1200731.528400546,1.05621336136469e-06
-11.9,3.954589169754843e-06,1.4380295847899067e-05,1.6880102641186292,1601007.9921635631,1.054342184661735e-06
-11.8,5.600866989416195e-06,1.8669504400683866e-05,2.191492816816176,2082205.5037099544,1.0524863241939854e-06
-11.7,7.714419039508804e-06,2.3736582501825123e-05,2.786284463266676,2651973.189889886,1.0506457885354288e-06
-11.6,1.037627281205597e-05,2.9646340091962235e-05,3.47999282477176,3318005.834929114,1.0488205861898692e-06
-11.5,1.3673936532726188e-05,3.646358169991066e-05,4.280224887373919,4088043.018812773,1.0470107255908863e-06
-11.4,1.7701398554378006e-05,4.425310510081124e-05,5.1945868443453,4969868.214147083,1.0452162151017484e-06
-11.3,2.2559126606242524e-05,5.3079699768645825e-05,6.230683914538493,5971307.839624447,1.0434370630153877e-06
-11.2,2.8354066877183675e-05,6.300814510845562e-05,7.3961201348780214,7100230.268211084,1.0416732775543471e-06
-11.1,3.519964291058735e-05,7.410320845360544e-05,8.698498125272113,8364544.788170393,1.0399248668707011e-06
-11.0,4.3215754287096764e-05,8.642964281345323e-05,10.145418824226123,9772200.515030563,1.0381918390460282e-06
-10.9,5.252877506785532e-05,0.0001000521843567893,11.744481193439707,11331185.252601853,1.0364742020913438e-06
-10.8,6.32715519741409e-05,0.00011503554961643278,13.503281889672378,13049524.30114663,1.0347719639470596e-06
-10.7,7.558340227094069e-05,0.00013144443240038596,15.429414902163852,14935279.21080489,1.0330851324829254e-06
-10.6,8.961011132768349e-05,0.00014934350039496835,17.530471153897818,16996546.478377916,1.0314137154979767e-06
-10.5,0.00010550392982278911,0.00016879739144538285,19.814038065001583,19241456.185575645,1.0297577207204917e-06
-10.4,0.00012342357055936224,0.0001898707094991829,22.28769907657583,21678170.576835934,1.0281171558079354e-06
-10.3,0.00014353420485857882,0.0002126280201981526,24.959033133253794,24314882.574829653,1.0264920283469086e-06
-10.2,0.0001660074584928693,0.00023713384610414288,27.835614122792986,27159814.23177199,1.0248823458531036e-06
-10.1,0.00019102140712366864,0.00026345266154444375,30.925010271006606,30221215.114668347,1.0232881157712504e-06
-10.0,0.00021876057120394807,0.0002916488870623336,34.234783490349336,33507360.622634355,1.0217093454750836e-06
-9.9,0.0002494159103054087,0.00032178688345847495,37.77248868047512,37026550.2344408,1.020146042267272e-06
-9.8,0.00028318481682844025,0.00035393094540890575,41.54567297909436,40787105.68444757,1.0185982133793827e-06
-9.7,0.00032027110905250266,0.0003881452946454258,45.561874961463396,44797369.06510694,1.0170658659718463e-06
-9.6,0.00036088502348192205,0.0004244940726842512,49.82862378684803,49065700.85423667,1.0155490071338802e-06
-9.5,0.0004052432064416467,0.0004630413330888958,54.35343829031321,53600477.86527744,1.01404764388348e-06
-9.4,0.00045356870487484296,0.0005038510332533063,59.14382601819803,58410091.11877933,1.0125617831673403e-06
-9.3,0.0005060909562947657,0.0005469870256913899,64.20728220564959,63502943.63337778,1.011091431860831e-06
-9.2,0.0005630457778403374,0.0005925130488191694,69.55128869459963,68887448.13455403,1.0096365967679476e-06
-9.1,0.0006246753543832034,0.0006404927172159021,75.18331279057993,74572024.67949775,1.0081972846212697e-06
-9.0,0.0006912282256356985,0.0006909895113506452,81.11080605679011,80565098.19642787,1.0067735020819033e-06
-8.9,0.0007629592722028215,0.0007440667667608494,87.34120304384238,86875095.93675113,1.0053652557394653e-06
-8.8,0.0008401297005247668,0.0007997876626697319,93.8819199536284,93510444.83849013,1.0039725521120114e-06
-8.7,0.0009230070266525543,0.0008582152100293355,100.74035323577102,100479568.79943693,1.0025953976460094e-06
-8.6,0.0010118650587989677,0.0009194122389763012,107.92387811513815,107790885.85853739,1.0012337987162968e-06
-8.5,0.0011069838786040146,0.0009834413856876414,115.43984704892685,115452805.28406107,9.998877616260398e-07
-8.4,0.001208649821057336,0.0010503650786239103,123.29558811183759,123473724.56715034,9.985572926066883e-07
-8.3,0.0013171554530117808,0.001120245524147422,131.49840330788962,131862026.31939913,9.97242397817938e-07
-8.2,0.001432799550228682,0.0011931446915033916,140.05556680745397,140626075.07316667,9.959430833476945e-07
-8.1,0.0015558870728878268,0.0012691242971520494,148.97432310810115,149774213.9833837,9.946593552120308e-07
-8.0,0.0016867291394982152,0.001348245788440134,158.261885117903,159314761.42967948,9.93391219355143e-07
-7.9,0.0018256429991423738,0.0014305703266003222,167.92543215984557,169256007.51770714,9.921386816493213e-07
-7.8,0.0019729520019864315,0.0015161587690675198,177.9721078960519,179606210.47862747,9.909017478949036e-07
-7.7,0.002128985567987166,0.0016050716511012114,188.40901817054862,190373592.96577197,9.896804238202481e-07
-7.6,0.0022940791537266764,0.0016973691667033746,199.2432287693426,201566338.24758783,9.884747150816834e-07
-7.5,0.002468574217302217,0.0017931111488218307,210.48176309661983,213192586.2960351,9.87284627263487e-07
-7.4,0.00265281818120152,0.0018923570488292348,222.13159976591655,225260429.7697039,9.861101658778413e-07
-7.3,0.002847164393087803,0.0019951659152683174,234.19967010515964,237777909.89099208,9.849513363647916e-07
-7.2,0.0030519720844239054,0.0021015963718543536,246.6928555745191,250753012.21677458,9.838081440922213e-07
-7.1,0.0032676063268581926,0.002211706594726292,259.61798509606336,264193662.3020972,9.826805943558113e-07
-7.0,0.0034944379862974404,0.0023255542889383993,272.9818322942663,278107721.2565154,9.815686923790184e-07
-6.9,0.0037328436745917956,0.0024431966641847544,286.7911126464613,292502981.1928173,9.804724433130111e-07
-6.8,0.003983205698751911,0.0025646904097493873,301.05248054239917,307387160.5679305,9.793918522366798e-07
-6.7,0.00424591200762345,0.00269009166867545,315.7725262521346,322767899.4160028,9.783269241565682e-07
-6.6,0.004521356135938631,0.0028194560111472152,330.95777280150935,338652754.47366494,9.772776640068523e-07
-6.5,0.004809937145666443,0.0029528384070794294,346.61467275459387,355049194.19767463,9.762440766493197e-07
-6.4,0.005112059564581527,0.003090293197908978,362.7496049024923,371964593.6752375,9.75226166873316e-07
-6.3,0.005428133321973373,0.003231874067584559,379.3688708580073,389406229.42740566,9.74223939395737e-07
-6.2,0.005758573681412481,0.003377634012750642,396.47869155572704,407381274.1061341,9.73237398860983e-07
-6.1,0.006103801170496134,0.003527625312122694,414.08520365718033,425896791.0856627,9.722665498409293e-07
-6.0,0.006464241507490557,0.0036818994950513243,432.19445586078444,444959728.9490472,9.713113968349155e-07
-5.9,0.006840325524787977,0.003840507309273808,450.8124051164033,464576915.87084204,9.70371944269686e-07
-5.8,0.007232489089099932,0.004003498687852066,469.9449127444117,484755053.8970019,9.69448196499387e-07
-5.7,0.007641173018301894,0.004170922715297187,489.59774045926923,505500713.1233234,9.685401578055254e-07
-5.6,0.008066822994851326,0.00434282759288113,509.7765462976864,526820325.77381134,9.676478323969554e-07
-5.5,0.00850988947569491,0.004519260603137406,530.4868804515872,548720180.180618,9.667712244098092e-07
-5.4,0.008970827598586405,0.004700268073553122,551.7341810061524,571206414.667199,9.659103379075467e-07
-5.3,0.009450097084732859,0.004885895339455932,573.5237695833582,594285011.3367692,9.650651768808518e-07
-5.2,0.009948162137689747,0.005076186706100241,595.8608468915196,617961789.7679987,9.64235745247653e-07
-5.1,0.010465491338424665,0.005271185409958071,618.7504881814751,642242400.6203345,9.634220468530747e-07
-5.0,0.01100255753647092,0.005470933579220967,642.1976386101595,667132319.1513392,9.626240854694326e-07
-4.9,0.011559837737091844,0.00567547219352041,666.2071085124428,692636838.6487365,9.618418647961962e-07
-4.8,0.012137812984378335,0.005884841042875281,690.7835685822375,718761063.7799721,9.610753884599695e-07
-4.7,0.012736968240203853,0.006099078685875989,715.931544964004,745509903.8623357,9.603246600144517e-07
-4.6,0.013357792258958487,0.0063182224071161325,741.6554142559252,772888066.0568187,9.595896829404564e-07
-4.5,0.014000777457990488,0.00654230817388365,767.9593984261622,800900048.4892538,9.58870460645835e-07
-4.4,0.014666419783679805,0.006771370592124691,794.8475596437356,829550133.3022165,9.581669964654947e-07
-4.3,0.0153552185730724,0.007005442861694679,822.3237950257366,858842379.6416572,9.57479293661361e-07
-4.2,0.01606767641100433,0.007244556730912332,850.3918313027151,888780616.5822585,9.568073554223486e-07
-4.1,0.016804298982647674,0.007488742450433752,879.055219404259,919368435.9957631,9.56151184864378e-07
-4.0,0.0175655949214101,0.007738028726465013,908.3173289669185,950609185.3668753,9.555107850303016e-07
-3.9,0.018352075652123906,0.00799244267333305,938.1813427668096,982505960.561278,9.548861588899196e-07
-3.8,0.019164255229460688,0.00825200976543623,968.6502510794022,1015061598.5508225,9.542773093399646e-07
-3.7,0.02000265017151067,0.008516753788597156,999.7268459691377,1048278670.1010377,9.536842392040464e-07
-3.6,0.020867779288469078,0.008786696790842152,1031.4137155117505,1082159472.42624,9.531069512326906e-07
-3.5,0.021760163506372516,0.009061859032632905,1063.7132379522811,1116706021.818053,9.525454481032555e-07
-3.4,0.022680325685832527,0.009342258936577775,1096.6275758020104,1151920046.2529488,9.519997324199733e-07
-3.3,0.02362879043571442,0.009627913036651482,1130.158669877689,1187802977.985126,9.514698067138883e-07
-3.2,0.02460608392171657,0.009918835926953841,1164.3082332866493,1224355946.130834,9.50955673442886e-07
-3.1,0.025612733669801938,0.010215040210039472,1199.077745361569,1261579769.2509127,9.504573349916228e-07
-3.0,0.026649268364444215,0.010516536444852448,1234.4684455488518,1299474947.9381065,9.499747936715507e-07
-2.9,0.02771621764164779,0.010823333094301299,1270.4813272547956,1338041657.4163358,9.49508051720905e-07
-2.8,0.028814111876709673,0.011135436472511579,1307.1171316539117,1377279740.1591952,9.490571113046551e-07
-2.7,0.029943481966691467,0.01145285069179511,1344.3763414639857,1417188698.535047,9.486219745145245e-07
-2.6,0.031104859107576942,0.011775577609376376,1382.2591746926312,1457767687.4865818,9.482026433689588e-07
-2.5,0.03229877456609018,0.012103616773918852,1420.765578360362,1499015507.252737,9.477991198131202e-07
-2.4,0.03352575944615955,0.01243696537189542,1459.8952222053608,1540930596.1412067,9.474114057188724e-07
-2.3,0.03478634445001264,0.012775618173849161,1499.647492375377,1583511023.3599718,9.470395028847675e-07
-2.2,0.03608105963389293,0.013119567480592424,1540.0214851123858,1626754481.9164882,9.46683413036046e-07
-2.1,0.03741043415839674,0.013468803069394075,1581.0160004358536,1670658281.5935144,9.463431378245958e-07
-2.0,0.03877499603342881,0.01382331214020669,1622.629535830696,1715219342.010509,9.460186788289811e-07
-1.9,0.04017527185778652,0.0141830792619872,1664.8602799462035,1760434185.780142,9.45710037554409e-07
-1.8,0.04161178655338172,0.014548086319166598,1707.7061063124652,1806298931.769359,9.454172154327095e-07
-1.7,0.04308506309412017,0.014918312458325943,1751.1645670810099,1852809288.4746842,9.451402138223557e-07
-1.6,0.044595622229461555,0.015293734035138068,1795.2328867966332,1899960547.5219116,9.448790340084309e-07
-1.5,0.04614398220268843,0.015674324561636043,1839.9079562075838,1947747577.3001585,9.446336772026409e-07
-1.4,0.04773065846392217,0.016060054653871534,1885.1863261215144,1996164816.7408245,9.444041445432814e-07
-1.3,0.04935616337792609,0.016450891980027794,1931.0642013148008,2045206269.2518072,9.441904370952458e-07
-1.2,0.0510210059267458,0.01684680120905435,1977.5374345030982,2094865496.8178408,9.439925558500213e-07
-1.1,0.052725691407241926,0.01724774395989177,2024.6015203811642,2145135614.2778275,9.438105017256721e-07
-1.0,0.054470721123577925,0.01765367875135721,2072.2515897402477,2196009283.7901692,9.436442755668484e-07
-0.9,0.05625659207473164,0.018064560952762803,2120.482403671494,2247478709.4974303,9.434938781447525e-07
-0.8,0.05808379663710953,0.01848034273534118,2169.288347864108,2299535632.4014807,9.433593101571766e-07
-0.7,0.05995282224234609,0.01890097302455398,2218.6634270071504,2352171325.4609556,9.43240572228453e-07
-0.6,0.061864151050382586,0.01932639745336082,2268.6012593040896,2405376588.9222517,9.431376649094912e-07
-0.5,0.06381825961792247,0.01975655831652805,2319.095071109394,2459141745.896185,9.430505886777367e-07
-0.4,0.0658156185623741,0.020191394526058382,2370.1376916967083,2513456638.1918154,9.42979343937196e-07
-0.3,0.06785669222139565,0.020630841567823705,2421.721548168257,2568310622.4195924,9.429239310184239e-07
-0.2,0.06994193830816758,0.021074831459485553,2473.8386605154,2623692566.375773,9.428843501785071e-07
-0.1,0.0720718075625234,0.02152329270978847,2526.4806368403447,2679590845.719969,9.428606016011054e-07
0.0,0.07424674339808392,0.02197615027931369,2579.638668749269,2735993340.958389,9.428526853963942e-07
0.1,0.07646718154554223,0.02243332554278146,2633.303526927238,2792887434.744363,9.428606016011054e-07
0.2,0.07873354969226101,0.02289473625299177,2687.4655569054357,2850260009.508742,9.428843501785071e-07
0.3,0.08104626711834916,0.023360296506494658,2742.1146750314274,2908097445.4320526,9.429239310184239e-07
0.4,0.08340574432939561,0.023829916711082182,2797.2403646532475,2966385618.770827,9.42979343937196e-07
0.5,0.08581238268604778,0.02430350355519543,2852.8316725282875,3025109900.549746,9.430505886777367e-07
0.6,0.0882665740306299,0.024780959979340825,2908.8772054680394,3084255155.6322284,9.431376649094912e-07
0.7,0.09076870031100782,0.02526218514961092,2965.365127229874,3143805742.180969,9.43240572228453e-07
0.8,0.09331913320191514,0.025747074433405667,3022.2831556671154,3203745511.5204844,9.433593101571766e-07
0.9,0.09591823372396464,0.026235519377450885,3079.618560148772,3264057808.4135604,9.434938781447525e-07
1.0,0.09856635186058195,0.026727407688211118,3137.358159260327,3324725471.7628756,9.436442755668484e-07
1.1,0.10126382617310344,0.027222623214794756,3195.48831879708,3385730835.749781,9.438105017256721e-07
1.2,0.10401098341429228,0.027721045934449226,3253.9949500615257,3447055731.4209485,9.439925558500213e-07
1.3,0.10680813814054022,0.028222551940744942,3312.863508476337,3508681488.734618,9.441904370952458e-07
1.4,0.10965559232302381,0.028727013434545996,3372.0789925244762,3570588939.076745,9.444041445432814e-07
1.5,0.11255363495810267,0.02923429871786623,3431.625943028001,3632758418.258103,9.446336772026409e-07
1.6,0.1155025416772506,0.029744272190708465,3491.488442777036,3695169770.0024137,9.448790340084309e-07
1.7,0.11850257435682483,0.030256794350984953,3551.6501165204427,3757802349.935768,9.451402138223557e-07
1.8,0.12155398072798494,0.030771721797616194,3612.094131329562,3820635030.0870466,9.454172154327095e-07
1.9,0.12465699398708471,0.031288907236904535,3672.8031973463762,3883646203.9085326,9.45710037554409e-07
2.0,0.1278118324068688,0.03180819949227847,3733.7595689273257,3946813791.826097,9.460186788289811e-07
2.1,0.13101869894881701,0.03232944351750224,3794.945046193899,4010115247.327223,9.463431378245958e-07
2.2,0.13427778087698533,0.03285248041344425,3856.3409770009725,4073527563.5954742,9.46683413036046e-07
2.3,0.137589249373708,0.033377147448496534,3917.928259333716,4137027280.6988034,9.470395028847675e-07
2.4,0.1409532591575251,0.033903278082735605,3979.6873441436833,4200590493.339052,9.474114057188724e-07
2.5,0.1443699481037186,0.034430701995913776,4041.5982386345236,4264192859.1697946,9.477991198131202e-07
2.6,0.14783943686784254,0.0349592451193674,4103.640510007501,4327809607.688171,9.482026433689588e-07
2.7,0.15136182851264338,0.035488729671927156,4165.7932896767525,4391415549.706907,9.486219745145245e-07
2.8,0.15493720813877424,0.03601897419991224,4228.035277963963,4454985087.411383,9.490571113046551e-07
2.9,0.15856564251971716,0.03654979362128842,4290.344749281788,4518492225.006298,9.49508051720905e-07
3.0,0.16224717974133174,0.0370809992740667,4352.699557815062,4581910579.955858,9.499747936715507e-07
3.1,0.1659818488464592,0.037612398969016594,4415.077143708469,4645213394.820486,9.504573349916228e-07
3.2,0.1697696594850162,0.03814379704676448,4477.454539768953,4708373549.692973,9.50955673442886e-07
3.3,0.17361060157002103,0.03867499443934431,4539.808378690757,4771363575.235236,9.514698067138883e-07
3.4,0.17750464493999915,0.039205788736263944,4602.114900810528,4834155666.317259,9.519997324199733e-07
3.5,0.18145173902822492,0.03973597425514685,4664.349962399484,4896721696.258497,9.525454481032555e-07
3.6,0.1854518125392579,0.04026534211700428,4726.489044499136,4959033231.670572,9.531069512326906e-07
3.7,0.1895047731332395,0.04079368032618885,4788.507262306521,5021061547.900857,9.536842392040464e-07
3.8,0.19361050711842265,0.04132077385507618,4850.37937511443,5082777645.073887,9.542773093399646e-07
3.9,0.19776887915240532,0.041846404733515224,4912.079796811416,5144152264.728435,9.548861588899196e-07
4.0,0.20197973195255178,0.042370352143084475,4973.582606945914,5205155907.045246,9.555107850303016e-07
4.1,0.20624288601607974,0.04289239251618436,5034.8615623580645,5265758848.661801,9.56151184864378e-07
4.2,0.21055813935029785,0.04341229963999128,5095.890109382199,5325931161.067213,9.568073554223486e-07
4.3,0.21492526721348684,0.043929844765293026,5156.641396622339,5385642729.571264,9.57479293661361e-07
4.4,0.21934402186690466,0.04444479672021877,5217.0882883022205,5444863272.839827,9.581669964654947e-07
4.5,0.22381413233841152,0.044956922028870666,5277.203378190697,5503562362.987284,9.58870460645835e-07
4.6,0.22833530419820403,0.04546598503485844,5336.959004102662,5561709446.217364,9.595896829404564e-07
4.7,0.23290721934714526,0.045971748029729545,5396.327262974646,5619273864.000783,9.603246600144517e-07
4.8,0.23752953581818498,0.04647397138628323,5455.280026513694,5676224874.778297,9.610753884599695e-07
4.9,0.2422018875913525,0.046972413696747074,5513.7889574170085,5732531676.176645,9.618418647961962e-07
5.0,0.24692388442280955,0.04746683191578898,5571.825526159225,5788163427.722747,9.626240854694326e-07
5.1,0.2516951116884465,0.047956981508329236,5629.361028343097,5843089274.042318,9.634220468530747e-07
5.2,0.25651513024249495,0.04844261660210931,5686.366602608576,5897278368.526047,9.64235745247653e-07
5.3,0.261383476291636,0.04892349014496665,5742.813249094285,5950699897.44672,9.650651768808518e-07
5.4,0.26629966128506627,0.04939935406675597,5798.6718484444145,6003323104.508942,9.659103379075467e-07
5.5,0.2712631718209873,0.04986995944584959,5853.913181353121,6055117315.812534,9.667712244098092e-07
5.6,0.2762734695699712,0.05033505668014085,5908.507948637519,6106051965.208856,9.676478323969554e-07
5.7,0.2813299912156453,0.05079439566246539,5962.426791829253,6156096620.029313,9.685401578055254e-07
5.8,0.2864321484131403,0.051247725960347254,6015.64031427374,6205221007.162442,9.69448196499387e-07
5.9,0.2915793277657213,0.05169479699996692,6068.119102724982,6253395039.4577055,9.70371944269686e-07
6.0,0.29677089082002395,0.052135358254239955,6119.833749422916,6300588842.429743,9.713113968349155e-07
6.1,0.30200617408029923,0.052569159434885465,6170.754874639085,6346772781.238509,9.722665498409293e-07
6.2,0.30728448904205763,0.05299595068835416,6220.853149675369,6391917487.918028,9.73237398860983e-07
6.3,0.31260512224549497,0.05341548279547726,6270.0993202995005,6435993888.82656,9.74223939395737e-07
6.4,0.31796733534906263,0.05382750737468708,6318.464230599793,6478973232.288768,9.75226166873316e-07
6.5,0.32337036522353096,0.05423177708865126,6365.91884724063,6520827116.4008875,9.762440766493197e-07
6.6,0.3288134240668812,0.05462804585415351,6412.434284098985,6561527516.967812,9.772776640068523e-07
6.7,0.33429569954033855,0.05501606905504315,6457.981827261218,6601046815.540471,9.783269241565682e-07
6.8,0.3398163549258485,0.05539560375806758,6502.532960358252,6639357827.521369,9.793918522366798e-07
6.9,0.3453745293052708,0.055766408931391634,6546.059390216141,6676433830.304339,9.804724433130111e-07
7.0,0.35096933776155026,0.05612824566559819,6588.533072797926,6712248591.414792,9.815686923790184e-07
7.1,0.3565998716021057,0.056480877396956224,6629.9262394116195,6746776396.615236,9.826805943558113e-07
7.2,0.36226519860464684,0.05682407013273168,6670.211423158,6779992077.939884,9.838081440922213e-07
7.3,0.36796436328561594,0.05715759267830897,6709.361485590944,6811871041.622741,9.849513363647916e-07
7.4,0.37369638719142295,0.05748121686588113,6747.3496435618845,6842389295.880904,9.861101658778413e-07
7.5,0.3794602692126166,0.057794717784457536,6784.149496218942,6871523478.515972,9.87284627263487e-07
7.6,0.3852549859211114,0.05809787401093082,6819.735052130377,6899250884.294823,9.884747150816834e-07
7.7,0.39107949193056285,0.05839046784193435,6854.080756500841,6925549492.070909,9.896804238202481e-07
7.8,0.39693272027995796,0.058672285526215284,6887.16151844816,6950397991.606551,9.909017478949036e-07
7.9,0.4028135828404559,0.058943117497238996,6918.952738307262,6973775810.056377,9.921386816493213e-07
8.0,0.4087209707454885,0.05920275860573316,6949.430334927037,6995663138.071865,9.93391219355143e-07
8.1,0.4146537548441008,0.05945100835187359,6978.570772925126,7016040955.486222,9.946593552120308e-07
8.2,0.4206107861774767,0.05968767111680508,7006.35108986467,7034891056.539099,9.959430833476945e-07
8.3,0.4265908964785754,0.05991255639318538,7032.748923316378,7052196074.600024,9.97242397817938e-07
8.4,0.4325928986947553,0.06012547901443326,7057.742537768472,7067939506.349763,9.985572926066883e-07
8.5,0.43861558753324636,0.060326259382356126,7081.310851346446,7082105735.378399,9.998877616260398e-07
8.6,0.44465774002929176,0.060514723692827066,7103.433462303818,7094680055.159225,1.0012337987162968e-06
8.7,0.45071811613674295,0.060690704159176094,7124.090675244604,7105648691.357684,1.0025953976460094e-06
8.8,0.4567954593408676,0.060854039232956,7143.2635270375895,7114998823.434595,1.0039725521120114e-06
8.9,0.46288849729308873,0.06100457382173935,7160.933812382122,7122718605.503348,1.0053652557394653e-06
9.0,0.46899594246733817,0.06114215950359887,7177.084108984577,7128797186.401024,1.0067735020819033e-06
9.1,0.4751164928376808,0.061266654737921755,7191.697802304496,7133224728.933945,1.0081972846212697e-06
9.2,0.48124883257682005,0.061377925072205096,7204.7591098289595,7135992428.258703,1.0096365967679476e-06
9.3,0.4873916327750672,0.061475843344477796,7216.253104833604,7137092529.359764,1.011091431860831e-06
9.4,0.4935435521793221,0.06156028988099426,7226.165739588606,7136518343.586723,1.0125617831673403e-06
9.5,0.49970323795156746,0.06163115268884316,7234.483867967771,7134264264.213463,1.01404764388348e-06
9.6,0.5058693264463603,0.06168832764311583,7241.195267419048,7130325780.983644,1.0155490071338802e-06
9.7,0.512040444006748,0.06173171866827906,7246.288660254693,7124699493.607113,1.0170658659718463e-06
9.8,0.5182152077780212,0.061761237913398784,7249.753734219665,7117383124.173469,1.0185982133793827e-06
9.9,0.5243922265386656,0.0617768059208633,7251.581162296939,7108375528.44916,1.020146042267272e-06
10.0,0.5305701015478459,0.06177835178825755,7251.762621708906,7097676706.027306,1.0217093454750836e-06
10.1,0.5367474274087214,0.061765813323043824,7250.290812074324,7085287809.298746,1.0232881157712504e-06
10.2,0.542922792946854,0.061739137189708485,7247.159472680939,7071211151.216059,1.0248823458531036e-06
10.3,0.5490947821029426,0.06169827904903956,7242.363398834375,7055450211.82257,1.0264920283469086e-06
10.4,0.5552619748390776,0.06164320368920611,7235.8984572447025,7038009643.520096,1.0281171558079354e-06
10.5,0.5614229480576767,0.06157388514831697,7227.761600412813,7018895275.051453,1.0297577207204917e-06
10.6,0.5675762765322433,0.061490306828143826,7217.950879979639,6998114114.174583,1.0314137154979767e-06
10.7,0.573720533849036,0.06139246159870227,7206.465459002258,6975674349.007597,1.0330851324829254e-06
10.8,0.5798542933587324,0.06128035189339322,7193.305623121925,6951585348.0254755,1.0347719639470596e-06
10.9,0.5859761291371197,0.06115398979441733,7178.472790590317,6925857658.691329,1.0364742020913438e-06
11.0,0.5920846169538287,0.06101339710818543,7161.969521121481,6898503004.707163,1.0381918390460282e-06
11.1,0.5981783352481012,0.060858605430459706,7143.7995235383405,6869534281.870926,1.0399248668707011e-06
11.2,0.604255866110541,0.06068965620097277,7123.967662184073,6838965552.528916,1.0416732775543471e-06
11.3,0.6103157962697978,0.06050660074728428,7102.479962070157,6806812038.61494,1.0434370630153877e-06
11.4,0.6163567180830846,0.060309500317649284,7079.343612734571,6773090113.269454,1.0452162151017484e-06
11.5,0.6223772305294234,0.06009842610268667,7054.566970785321,6737817291.034948,1.0470107255908863e-06
11.6,0.6283759402044938,0.05987345924565113,7028.159561106194,6701012216.625083,1.0488205861898692e-06
11.7,0.6343514623159267,0.059634690841128865,7000.1320767036605,6662694652.268726,1.0506457885354288e-06
11.8,0.6403024216778828,0.05938222192199338,6970.496377175693,6622885463.631877,1.0524863241939854e-06
11.9,0.6462274537037372,0.05911616343447504,6939.265485785343,6581606604.322362,1.054342184661735e-06
12.0,0.6521252053956657,0.05883663620121701,6906.453585124122,6538881098.986075,1.05621336136469e-06
12.1,0.6579943363299361,0.058543770872207516,6872.076011352249,6494733025.004796,1.0580998456587327e-06
12.2,0.6638335196366798,0.058237707863499265,6836.149247005322,6449187492.808786,1.0600016288296813e-06
12.3,0.669641442972922,0.057918597283645325,6798.690912359098,6402270624.819933,1.0619187020933397e-06
12.4,0.6754168094876424,0.05758659884780198,6759.719755346585,6354009533.043601,1.0638510565955425e-06
12.5,0.6811583387776223,0.05724188177946988,6719.255640024056,6304432295.329766,1.0657986834122376e-06
12.6,0.6868647678328537,0.05688462469986605,6677.319533585159,6253567930.327365,1.0677615735495194e-06
12.7,0.692534851970262,0.05651501550494087,6633.933491924724,6201446371.157177,1.0697397179437102e-06
12.8,0.6981673657545181,0.05613325123007709,6589.120643756651,6148098437.832341,1.0717331074614027e-06
12.9,0.7037611039047061,0.05573953790252917,6542.905173292718,6093555808.457123,1.0737417328995252e-06
13.0,0.7093148821856232,0.05533409038168579,6495.3123014920275,6037850989.2378025,1.0757655849853911e-06
13.1,0.7148275382825039,0.05491713218725921,6446.368265893256,5981017283.341394,1.0778046543767694e-06
13.2,0.7202979326579623,0.05448889531553059,6396.100299044885,5923088758.640893,1.0798589316619542e-06
13.3,0.7257249493899707,0.05404962004380193,6344.536605551068,5864100214.387964,1.081928407359806e-06
13.4,0.7311074969896983,0.053599554723229706,6291.706337753709,5804087146.856003,1.0840130719198183e-06
13.5,0.7364445091980618,0.05313895556023867,6237.639570074036,5743085713.999113,1.0861129157221907e-06
13.6,0.7417349457598559,0.05266808638673684,6182.36727203962,5681132699.174826,1.0882279290778752e-06
13.7,0.7469777931743535,0.05218721841937751,6125.921280025694,5618265473.9800415,1.0903581022286623e-06
13.8,0.7521720654212989,0.051696630008135694,6068.334267742158,5554521960.252544,1.0925034253472017e-06
13.9,0.757316804661233,0.05119660637449033,6009.639715500482,5489940591.291064,1.0946638885371256e-06
14.0,0.7624110819091318,0.050687439339526505,5949.871878297374,5424560272.35076,1.096839481833053e-06
14.1,0.7674539976803647,0.050169427042293005,5889.065752754583,5358420340.470387,1.099030195200702e-06
14.2,0.7724446826080166,0.04964287364877394,5827.257042956966,5291560523.691312,1.1012360185369212e-06
14.3,0.7773822980306514,0.049108089051854195,5764.482125233352,5224020899.728433,1.1034569416697806e-06
14.4,0.7822660365496429,0.04856538856267833,5700.778011927165,5155841854.155678,1.10569295435861e-06
14.5,0.7870951225552226,0.04801509259382548,5636.182314206353,5087064038.169187,1.107944046294096e-06
14.6,0.7918688127204603,0.047457526334739555,5570.733203964248,5017728325.9933815,1.1102102070983258e-06
14.7,0.7965863964624147,0.04689301941987587,5504.469374865414,4947875771.995384,1.1124914263248703e-06
14.8,0.8012471963697564,0.04632190559004157,5437.430002592607,4877547567.574957,1.1147876934588287e-06
14.9,0.8058505685962065,0.04574452234742579,5369.654704352973,4806784997.897095,1.1170989979169292e-06
15.0,0.8103959032191809,0.045161210604832296,5301.183497703731,4735629398.536194,1.1194253290475712e-06
15.1,0.8148826245630927,0.04457231432964181,5232.056758759204,4664122112.100106,1.1217666761309075e-06
15.2,0.819310191486808,0.04397818018304751,5162.315179843005,4592304444.903652,1.1241230283789063e-06
15.3,0.8236780976348126,0.04337915715511972,5091.999726650623,4520217623.760895,1.1264943749354256e-06
15.4,0.827985871651702,0.04277559619626838,5021.15159498919,4447902752.965754,1.1288807048762943e-06
15.5,0.8322330773596585,0.042167849845684696,4949.812167162621,4375400771.530724,1.1312820072093513e-06
15.6,0.8364193138986483,0.0415562718573514,4878.02296807139,4302752410.752447,1.133698270874559e-06
15.7,0.8405442158291222,0.040941216824222276,4805.825621097372,4229998152.17376,1.13612948474403e-06
15.8,0.8446074531970684,0.04032303980117767,4733.26180384503,4157178186.0098023,1.1385756376221563e-06
15.9,0.8486087315613251,0.03970209592737028,4660.373203811005,4084332370.1068306,1.1410367182456082e-06
16.0,0.8525477919831215,0.03907874004858017,4587.201474054824,4011500189.499548,1.1435127152834803e-06
16.1,0.856424410977884,0.038453326340201356,4513.788188943713,3938720716.633754,1.1460036173373175e-06
16.2,0.8602384004293955,0.03782620793148577,4440.174800045022,3866032572.3184185,1.1485094129412096e-06
16.3,0.8639896074664688,0.03719773653167,4366.402592239643,3793473887.4709063,1.1510300905618481e-06
16.4,0.8676779143023547,0.03656826205861063,4292.512640129922,3721082265.7170053,1.153565638598643e-06
16.5,0.8713032380371627,0.03593813227055186,4218.54576481522,3648894746.906694,1.1561160453837262e-06
16.6,0.874865530423642,0.03530769240164526,4144.542491107924,3576947771.603359,1.1586812991821075e-06
16.7,0.8783647775967285,0.03467728480183746,4070.5430052621987,3505277146.6041794,1.1612613881916966e-06
16.8,0.8818009997673215,0.03404724858173442,3996.587113286874,3433918011.545689,1.1638563005433882e-06
16.9,0.8851742508808258,0.03341791926304312,3922.7141999130567,3362904806.6472244,1.1664660243011623e-06
17.0,0.8884846182410354,0.032789628435183474,3848.9631882860176,3292271241.642767,1.1690905474621448e-06
17.1,0.8917322221000169,0.03216270341865046,3775.372500449433,3222050265.9487844,1.171729857956674e-06
17.2,0.8949172152146858,0.03153746693569651,3701.9800186889215,3152274040.1134405,1.1743839436484078e-06
17.3,0.898039782370843,0.030914236788888657,3628.8230477999305,3082973908.5900245,1.1770527923343815e-06
17.4,0.9011001398754832,0.03029332554808147,3555.938278343516,3014180373.8744564,1.1797363917450894e-06
17.5,0.9040985350182418,0.029675040246329682,3483.361750951475,2945923072.0440097,1.1824347295445727e-06
17.6,0.907035245502902,0.029059682085247025,3411.128821740325,2878230749.7315683,1.1851477933304883e-06
17.7,0.9099105788499311,0.02844754615029874,3339.2741288913235,2811131242.566483,1.1878755706342123e-06
17.8,0.9127248717710613,0.027838921136495096,3267.8315604513987,2744651455.110377,1.1906180489208901e-06
17.9,0.9154784895169797,0.02723408908493191,3196.834223407339,2678817342.3126383,1.1933752155895384e-06
18.0,0.9181718251992311,0.02663332513060189,3126.3144140829904,2613653892.507636,1.1961470579731155e-06
18.1,0.9208052990874831,0.02603689726187571,3056.3035899062897,2549185111.971957,1.1989335633386168e-06
18.2,0.9233793578833385,0.025445066092029355,2986.8323425903363,2485434011.057163,1.201734718887148e-06
18.3,0.9258944739719173,0.024858084643166144,2917.930372769382,2422422591.9097347,1.2045505117540247e-06
18.4,0.9283511446524642,0.024276198142857138,2849.626466127769,2360171837.7870436,1.2073809290088177e-06
18.5,0.9307498913492676,0.02369964383379599,2781.948471056532,2298701703.974252,1.210225957655484e-06
18.6,0.933091258804209,0.023128650796734974,2714.9232778690025,2238031110.3042846,1.2130855846324135e-06
18.7,0.9353758142522759,0.022563439786942297,2648.5767996035866,2178177935.279146,1.2159597968125392e-06
18.8,0.9376041465814086,0.022004223084389426,2582.9339544382187,2119159011.7878394,1.2188485810034203e-06
18.9,0.9397768654780594,0.021451204357848343,2518.018649737617,2060990124.4127069,1.2217519239473035e-06
19.0,0.9418946005598612,0.02090457854304848,2453.8537677509103,2003686008.312608,1.224669812321247e-06
19.1,0.9439580004968231,0.020364531735011335,2390.46115297349,1947260349.6684067,1.2276022327371655e-06
19.2,0.9459677321224693,0.01983124109465126,2327.861601183481,1891725787.6726296,1.2305491717419704e-06
19.3,0.9479244795363555,0.019304874769698558,2266.074850159414,1837093918.0425413,1.2335106158175954e-06
19.4,0.9498289431993941,0.018785591829970777,2205.119572082138,1783375298.0322053,1.2364865513811307e-06
19.5,0.9516818390234254,0.0182735422169859,2145.013367620237,1730579452.9166417,1.2394769647849031e-06
19.6,0.9534838974564629,0.017768866707881678,2085.7727616947564,1678714883.918098,1.2424818423165408e-06
19.7,0.9552358625650458,0.017271696893572174,2027.413200915135,1627789077.541409,1.2455011701990978e-06
19.8,0.9569384911151136,0.016782155171044092,1969.9490526749273,1577808516.2831724,1.248534934591123e-06
19.9,0.9585925516528139,0.01630035474966382,1913.3936058921408,1528778690.6764622,1.2515831215867434e-06
20.0,0.9601988235866318,0.015826399671337064,1857.7590733756488,1480704112.63051,1.2546457172157714e-06
20.1,0.9617580962722231,0.015360384844333141,1803.0565957956057,1433588330.0224035,1.2577227074437948e-06
20.2,0.9632711681013033,0.014902396090557806,1749.296247232498,1387433942.4955986,1.260814078172264e-06
20.3,0.9647388455959252,0.014452510206030035,1696.487042276126,1342242618.4179192,1.2639198152385813e-06
20.4,0.9661619425094553,0.014010795034291673,1644.636944642689,1298015112.9498162,1.2670399044161776e-06
20.5,0.967541278935524,0.013577309552451745,1593.7528772749713,1254751287.171685,1.2701743314146538e-06
20.6,0.9688776804261982,0.013152103969543033,1543.840733887788,1212450128.2177298,1.2733230818798245e-06
20.7,0.970171977120592,0.012735219836842677,1494.9053919178104,1171109770.3618436,1.2764861413938354e-06
20.8,0.9714250028850925,0.012326690169786582,1446.9507268343095,1130727517.000026,1.2796634954752554e-06
20.9,0.9726375944663389,0.01192653958108496,1399.9796277647354,1091299863.4725025,1.2828551295791588e-06
21.0,0.9738105906580573,0.011534784424624729,1353.9940143864906,1052822520.6675776,1.2860610290972356e-06
21.1,0.9749448314828066,0.01115143294972615,1308.9948550341217,1015290439.3485771,1.2892811793578878e-06
21.2,0.9760411573896494,0.010776485465301442,1264.982185968844,978697835.1443524,1.2925155656263063e-06
21.3,0.977100408468714,0.01040993451344707,1221.9551317554199,943038214.1432999,1.2957641731045875e-06
21.4,0.9781234236835675,0.010051765051985432,1179.911926689551,908304399.0305338,1.2990269869318189e-06
21.5,0.9791110401222702,0.009701954645457563,1138.8499372172814,874488555.7075189,1.3023039921841821e-06
21.6,0.9800640922679287,0.00936047366405635,1098.7656852864861,841582220.3335184,1.3055951738750448e-06
21.7,0.9809834112895205,0.009027285489977463,1059.654872569078,809576326.7281718,1.308900516955054e-06
21.8,0.9818698243537004,0.008702346730657149,1021.5124054916154,778461234.0749025,1.3122200063122562e-06
21.9,0.9827241539582531,0.008385607438356528,984.3324210108906,748226754.8652009,1.3155536267721756e-06
22.0,0.9835472172877988,0.008077011335546468,948.1083130704064,718862183.0243897,1.3189013630979093e-06
22.1,0.9843398255923052,0.007776496045541963,912.832759673061,690356322.1602091,1.3222631999902544e-06
22.2,0.9851027835889001,0.007483993327830981,878.4977505048826,662697513.8764138,1.3256391220877783e-06
22.3,0.9858368888874317,0.007199429317541823,845.0946150445619,635873666.0945638,1.3290291139669304e-06
22.4,0.986542931440156,0.006922724768491898,812.6140510933809,609872281.3283076,1.3324331601421526e-06
22.5,0.9872216930158874,0.006653795299262735,781.0461536603719,584680484.8557839,1.3358512450659666e-06
22.6,0.9878739466988838,0.006392551641748075,750.3804441377778,560285052.7370485,1.33928335312908e-06
22.7,0.9885004564126885,0.006138899891626826,720.6058997024577,536672439.6250354,1.3427294686604994e-06
22.8,0.9891019764690904,0.005892741760217642,691.7109828794723,513828806.3201245,1.3461895759275982e-06
22.9,0.9896792511423205,0.005653974827179476,663.6836712049749,491740047.0200871,1.3496636591362753e-06
23.0,0.9902330142685345,0.00542249279353043,636.5114869264621,470391816.2190834,1.3531517024309985e-06
23.1,0.9907639888705945,0.005198185734467554,610.1815266796626,449769555.211178,1.3566536898949669e-06
23.2,0.9912728868081001,0.004980940351480517,584.6804910825351,429858518.155937,1.3601696055501554e-06
23.3,0.9917604084525756,0.004770640223264876,559.99471418836,410643797.66561556,1.3636994333574713e-06
23.4,0.9922272423876679,0.004567166054954106,536.110192741483,392110349.87572736,1.3672431572168243e-06
23.5,0.9926740651341647,0.00437039592520338,513.0126151808861,374243018.9627989,1.370800760967251e-06
23.6,0.9931015408995939,0.004180205530674645,490.6873903387158,357026561.07552123,1.374372228387012e-06
23.7,0.9935103213521244,0.003996468427488039,469.11967578270907,340445667.647658,1.3779575431937099e-06
23.8,0.993901045418442,0.0038190562692228033,448.2944057535873,324484988.06348413,1.3815566890443646e-06
23.9,0.9942743391052371,0.003647839041068785,428.1963186505915,309129151.6487959,1.3851696495355726e-06
24.0,0.9946308153438976,0.0034826852897484996,408.8099840205521,294362788.962968,1.3887964082035588e-06
24.1,0.9949710738579698,0.0033234623488498484,390.1198290082445,280170552.36984867,1.3924369485243172e-06
24.2,0.9952957010529068,0.003170036559229119,372.11016422807705,266537135.86767668,1.3960912539137228e-06
24.3,0.9956052699275979,0.0030222734841654888,354.76520901969167,253447294.16060972,1.3997593077276127e-06
24.4,0.9959003400071392,0.0028800381189687412,338.0691160524632,240885860.95673743,1.4034410932619232e-06
24.5,0.9961814572962755,0.002743195094764035,322.00599524648027,228837766.47987002,1.4071365937527882e-06
24.6,0.9964491542529181,0.0026116088761992617,306.5599369801376,217288054.18466088,1.4108457923766465e-06
24.7,0.9967039497811216,0.0024851439528424,291.71503455703856,206221896.66689453,1.4145686722503533e-06
24.8,0.9969463492428737,0.0023636650240588973,277.4554059075593,195624610.7630392,1.4183052164312907e-06
24.9,0.9971768444880412,0.002247037177181006,263.7652145029994,185481671.83532462,1.4220554079174839e-06
25.0,0.9973959139017884,0.0021351260588035356,250.62868946288603,175778727.24076772,1.425819229647708e-06
25.1,0.9976040224687769,0.0020277980390624034,238.03014483857444,166501608.98462796,1.429596664501604e-06
25.2,0.9978016218534367,0.0019249203687745117,225.95399805888604,157636345.5608078,1.4333876952997803e-06
25.3,0.9979891504955891,0.0018263613293391405,214.38478752606622,149169172.98364747,1.437192304803942e-06
25.4,0.998167033720697,0.001731990375322504,203.30718935286708,141086545.01745307,1.4410104757169935e-06
25.5,0.9983356838640023,0.001641678269668236,192.706033234035,133375142.61188647,1.4448421906831455e-06
25.6,0.9984955004078163,0.00155529721149709,182.56631744789382,126021882.55305661,1.4486874322880502e-06
25.7,0.9986468701312176,0.0014727209564795061,172.87322298610476,119013925.3418117,1.452546183058894e-06
25.8,0.9987901672714163,0.0013938249297839687,163.6121268119463,112338682.31223616,1.4564184254645234e-06
25.9,0.9989257536960432,0.0013184863316234778,154.76861424973453,105983822.00485718,1.460304141915561e-06
26.0,0.9990539790856237,0.001246584235440483,146.3284905101195,99937275.81039788,1.4642033147645085e-06
26.1,0.9991751811255061,0.0011779996787884433,138.2777913580862,94187242.901196,1.4681159263058792e-06
26.2,0.9992896857065151,0.0011126157469852132,130.60279293248638,88722194.46859722,1.472041958776308e-06
26.3,0.9993978071336129,0.0010503176496293473,123.29002072779444,83530877.28568552,1.475981394354664e-06
26.4,0.9994998483418601,0.0009909927900860621,116.32625775061676,78602316.61572173,1.4799342151621729e-06
26.5,0.9995961011189776,0.000934530828063943,109.69855186516814,73925818.48753683,1.4839004032625251e-06
26.6,0.9996868463338274,0.0008808237354172821,103.39422234354853,69490971.35992388,1.4878799406620035e-06
26.7,0.9997723541701408,0.0008297658453216117,97.40086563814224,65287647.19776374,1.4918728093096062e-06
26.8,0.999852884364838,0.0007812538949820392,91.70636039487387,61306001.983229764,1.4958789910971541e-06
26.9,0.9999286864503045,0.0007351870620448574,86.29887172733287,57536475.68591444,1.499898467859403e-06
27.0,1.0,0.0,0.0,0.0,1.5039312213741905e-06
180.0,1.0,0.0,0.0,0.0,9.428526853963951e-06
