CAD,Qloss_piston_W,Qloss_cylinderHead_W,Qloss_cylinderWall_W,Qloss_total_W,q_piston_W_m2,q_cylinderHead_W_m2,q_cylinderWall_W_m2
-180,-1.0394461,-1.3424893,-4.2217378,-6.6036732,-14001.09,-18083.009,-9231.897
-170,-0.87091165,-1.1133988,-3.5146568,-5.49896725,-11730.971,-14997.216,-7726.7098
-160,-0.72943947,-0.91706759,-2.8594725,-4.50597956,-9825.375,-12352.681,-6388.4425
-150,-0.61590781,-0.75287975,-2.2689625,-3.63775006,-8296.1308,-10141.11,-5209.5953
-140,-0.52590318,-0.61649832,-1.7415884,-2.8839899,-7083.7899,-8304.0848,-4158.8133
-130,-0.45062265,-0.50134544,-1.2675954,-2.21956349,-6069.7792,-6753.003,-3189.0949
-120,-0.38016265,-0.39956467,-0.84129326,-1.62102058,-5120.6999,-5382.0405,-2261.9188
-110,-0.30455685,-0.30321377,-0.45777072,-1.06554134,-4102.3078,-4084.217,-1336.2708
-100,-0.21408021,-0.20503972,-0.10796489,-0.52708482,-2883.6091,-2761.836,-348.29196
-90,-0.10224625,-0.091122747,0.2117407,0.018371703,-1377.2326,-1227.4016,770.06164
-80,-0.019035679,0.056056434,0.50092695,0.537947705,-256.40603,755.06675,2100.185
-70,0.13057539,0.26352264,0.75395828,1.14805631,1758.8192,3549.5868,3736.0109
-60,0.48817004,0.57134393,0.96086511,2.02037908,6575.5336,7695.8659,5783.0039
-50,1.0413139,1.0380906,1.1108156,3.1902201,14026.249,13982.832,8356.6112
-40,1.8222314,1.7476067,1.1958638,4.7657019,24545.021,23539.844,11555.329
-30,2.8810232,2.7659065,1.2155935,6.8625232,38806.693,37256.099,15366.654
-20,4.100064,3.9571705,1.1829738,9.2402083,55226.881,53302.139,19440.055
-19,4.1433595,4.0680887,1.1778631,9.3893113,55810.061,54796.181,19829.845
-18,4.2642473,4.1738407,1.1725511,9.6106391,57438.391,56220.635,20211.129
-17,4.3826364,4.2732028,1.1670678,9.822907,59033.063,57559.019,20582.184
-16,4.4962617,4.3657024,1.1614563,10.0234204,60563.569,58804.966,20941.376
-15,4.6057816,4.4502302,1.1557569,10.2117687,62038.776,59943.536,21287.024
-14,4.7093452,4.5248788,1.1500117,10.3842357,63433.753,60949.035,21617.356
-13,4.8068019,4.5891547,1.1442593,10.5402159,64746.471,61814.816,21930.584
-12,4.8973238,4.6416795,1.1385835,10.6775868,65965.78,62522.312,22225.768
-11,4.9849097,4.6885768,1.133567,10.8070535,67145.54,63154.007,22511.944
-10,5.0858767,4.7452112,1.1306707,10.9617586,68505.542,63916.859,22816.674
-9,5.2228576,4.8383716,1.1322082,11.1934374,70350.642,65171.707,23186.65
-8,5.4308984,5.0051612,1.14129,11.5773496,73152.901,67418.323,23687.503
-7,5.7509413,5.2910907,1.161783,12.203815,77463.803,71269.726,24403.252
-6,6.2341756,5.7485538,1.1982674,13.1809968,83972.853,77431.644,25435.417
-5,6.9341327,6.4361308,1.2559985,14.626262,93401.107,86693.141,26901.456
-4,7.9107831,7.4138634,1.3408415,16.665488,106556.35,99862.965,28932.464
-3,9.2229839,8.7415592,1.4591966,19.4237397,124231.39,117746.71,31669.778
-2,10.930049,10.474682,1.6178687,23.0225997,147225.15,141091.46,35260.375
-1,13.080102,12.661905,1.823906,27.565913,176185.84,170552.83,39850.834
0,15.719278,15.338867,2.0843654,33.1425104,211734.91,206610.86,45579.919
1,18.891862,18.527409,2.4060736,39.8253446,254468.87,249559.76,52570.715
2,22.626856,22.228156,2.7952059,47.6502179,304778.33,299407.94,60919.659
3,26.89655,26.419896,3.2568937,56.5733397,362290.09,355869.67,70686.227
4,31.660159,31.050402,3.7947321,66.5052931,426454.77,418241.48,81882.126
5,36.834796,36.042332,4.4102929,77.2874209,496155.88,485481.59,94461.342
6,42.326891,41.294529,5.1026133,88.7240333,570133.09,556227.42,108312.3
7,48.003203,46.686198,5.8678028,100.5572038,646591.65,628851.92,123253.2
8,53.731563,52.0688,6.6987231,112.4990861,723751.3,701354.27,139032.17
9,59.346706,57.288292,7.5849292,124.2199272,799385.93,771659.58,155332.82
10,64.706309,62.181213,8.5128165,135.4003385,871578.49,837566.05,171786.67
11,69.622849,66.582947,9.46611,145.671906,937803.11,896856.36,187991.12
12,73.958942,70.349628,10.426645,154.735215,996209.24,947592.65,203533.77
13,77.552276,73.376652,11.375469,162.304397,1044610.6,988365.93,218019.36
14,80.315112,75.571992,12.29409,168.181194,1081825.3,1017936.6,231098.28
15,82.198727,76.910015,13.165865,172.274607,1107197.2,1035959.5,242492.24
16,83.178249,77.384317,13.977241,174.539807,1120391.1,1042348.2,252013.49
17,83.306508,77.054972,14.718722,175.080202,1122118.7,1037912,259576.57
18,82.632827,76.005234,15.385496,174.023557,1113044.4,1023772.3,265198.03
19,81.294216,74.33351,15.977451,171.605177,1095013.6,1001254.6,268987.43
20,79.389768,72.180816,16.498788,168.069372,1069361.2,972258.31,271128.03
21,77.060046,69.663957,16.957102,163.681105,1037980.4,938356.83,271852.57
22,74.435604,66.913413,17.362243,158.71126,1002629.8,901307.65,271416.94
23,71.623697,64.026006,17.725048,153.374751,964754.05,862414.97,270075.05
24,68.714817,61.09777,18.056216,147.868803,925572.13,822972.34,268059.73
25,65.792721,58.194758,18.365377,142.352856,886212.2,783869.47,265569.85
26,62.91478,55.360381,18.660542,136.935703,847447.02,745691.08,262764.3
27,60.101564,52.62478,18.946815,131.673159,809553.69,708843.19,259747.65
28,57.360658,49.976775,19.220022,126.557455,772634.34,673175.2,256491.58
29,54.752206,47.478922,19.497562,121.72869,737499.11,639529.71,253251.64
30,52.271608,45.119671,19.778902,117.170181,704086.05,607751.17,250030.59
31,53.300985,42.829852,20.054784,116.185621,717951.5,576907.85,246723.31
32,50.899525,40.722297,20.339171,111.960993,685604.41,548519.59,243514
33,48.598913,38.734125,20.626157,107.959195,654615.73,521739.39,240335.77
34,46.406648,36.857882,20.915241,104.179771,625086.44,496466.85,237189.67
35,44.324008,35.088325,21.205911,100.618244,597033.78,472631.34,234076.41
36,42.346143,33.420196,21.497705,97.264044,570392.41,450162.04,230996.84
37,40.470677,31.843967,21.790209,94.104853,545130.33,428930.61,227952.12
38,38.694072,30.356779,22.083024,91.133875,521199.89,408898.54,224943.16
39,37.011682,28.951646,22.375723,88.339051,498538.5,389971.74,221970.42
40,35.418062,27.625813,22.667908,85.711783,477072.81,372113.09,219034.27
41,33.909013,26.373003,22.959194,83.24121,456746.29,355238.04,216135.01
42,32.480015,25.188625,23.249265,80.917905,437498.02,339284.75,213273.36
43,31.126672,24.069342,23.537803,78.733817,419268.83,324208.27,210449.76
44,29.844694,23.01186,23.824491,76.681045,402000.89,309964.24,207664.4
45,28.630608,22.010529,24.109022,74.750159,385647.43,296476.56,204917.41
46,27.480827,21.064209,24.391084,72.93612,370160.16,283729.86,202208.63
47,26.391413,20.167866,24.670367,71.229646,355486.01,271656.33,199537.81
48,25.358759,19.319748,24.946586,69.625093,341576.42,260232.37,196904.71
49,24.379714,18.516128,25.219479,68.115321,328388.91,249407.81,194309.17
50,23.451137,17.755404,25.488829,66.69537,315881.2,239161.04,191751.21
51,22.570299,17.033714,25.754408,65.358421,304016.52,229440.04,189230.63
52,21.734307,16.349708,26.016011,64.100026,292755.92,220226.66,186747.24
53,20.940777,15.701001,26.273438,62.915216,282067.25,211488.72,184300.79
54,20.187053,15.085382,26.526495,61.79893,271914.77,203196.48,181890.95
55,19.470972,14.500807,26.775017,60.746796,262269.33,195322.39,179517.49
56,18.790501,13.945775,27.018862,59.755138,253103.55,187846.25,177180.21
57,18.143532,13.418829,27.257881,58.820242,244389.03,180748.41,174878.79
58,17.528075,12.917509,27.491944,57.937528,236098.98,173995.75,172612.91
59,16.942465,12.4413,27.720932,57.104697,228210.95,167581.33,170382.25
60,16.384917,11.988008,27.944735,56.31766,220700.91,161475.6,168186.47
61,15.853853,11.556875,28.163259,55.573987,213547.6,155668.33,166025.24
62,15.347878,11.146549,28.376431,54.870858,206732.24,150141.35,163898.28
63,14.865559,10.755518,28.584187,54.205264,200235.52,144874.25,161805.28
64,14.405547,10.383161,28.786468,53.575176,194039.28,139858.69,159745.92
65,13.966595,10.028359,28.983228,52.978182,188126.7,135079.59,157719.87
66,13.547594,9.6898496,29.17442,52.4118636,182482.85,130519.96,155726.73
67,13.14741,9.3671287,29.360018,51.8745567,177092.46,126172.98,153766.19
68,12.765006,9.0592655,29.539999,51.3642705,171941.58,122026.14,151837.87
69,12.399409,8.7652067,29.714348,50.8789637,167017.07,118065.24,149941.39
70,12.04973,8.4845413,29.883055,50.4173263,162306.97,114284.74,148076.39
71,11.715135,8.2163226,30.046121,49.9775786,157800.06,110671.9,146242.49
72,11.394743,7.9600206,30.203572,49.5583356,153484.46,107219.57,144439.38
73,11.087849,7.7151212,30.355428,49.1583982,149350.67,103920.84,142666.73
74,10.793789,7.4806785,30.501706,48.7761735,145389.76,100762.95,140924.13
75,10.511833,7.2565599,30.642438,48.4108309,141591.87,97744.124,139211.21
76,10.241395,7.0420476,30.777655,48.0610976,137949.14,94854.696,137527.57
77,9.9818457,6.8366185,30.907393,47.7258572,134453.07,92087.615,135872.83
78,9.7326708,6.6399081,31.031693,47.4042719,131096.75,89437.973,134246.6
79,9.4933447,6.4514442,31.150604,47.0953929,127873.08,86899.41,132648.49
80,9.2633583,6.2708999,31.264197,46.7984552,124775.22,84467.52,131078.19
81,9.0422504,6.0977398,31.372525,46.5125152,121796.95,82135.096,129535.31
82,8.8295876,5.931684,31.475648,46.2369196,118932.43,79898.363,128019.45
83,8.6249624,5.7723602,31.573628,45.9709506,116176.18,77752.31,126530.23
84,8.4280082,5.6194196,31.666536,45.7139638,113523.25,75692.236,125067.29
85,8.23831,5.4727233,31.754453,45.4654863,110968.06,73716.273,123630.28
86,8.0555869,5.3317636,31.837445,45.2247955,108506.83,71817.58,122218.79
87,7.8794912,5.1964218,31.915581,44.991494,106134.86,69994.558,120832.44
88,7.7097185,5.0663326,31.988944,44.7649951,103848.06,68242.287,119470.86
89,7.545966,4.9413152,32.057611,44.5448922,101642.36,66558.332,118133.68
90,7.3879586,4.8211172,32.121665,44.3307408,99514.033,64939.295,116820.54
91,7.2354727,4.7055751,32.181183,44.1222308,97460.085,63382.97,115531.04
92,7.0882403,4.5943881,32.236242,43.9188704,95476.9,61885.308,114264.8
93,6.9460422,4.4874157,32.28692,43.7203779,93561.525,60444.415,113021.43
94,6.8086837,4.3844544,32.333294,43.5264321,91711.339,59057.551,111800.56
95,6.6759632,4.2853132,32.375443,43.3367194,89923.626,57722.142,110601.8
96,6.5476646,4.1898733,32.413448,43.1509859,88195.475,56436.591,109424.79
97,6.4236126,4.0979596,32.447403,42.9689752,86524.524,55198.534,108269.19
98,6.3035616,4.0094069,32.477416,42.7903845,84907.466,54005.751,107134.75
99,6.1872819,3.92406,32.503603,42.6149449,83341.206,52856.148,106021.2
100,6.0745405,3.8417725,32.526073,42.442386,81822.607,51747.756,104928.28
101,5.9651908,3.7624583,32.544907,42.2725561,80349.692,50679.413,103855.63
102,5.8591015,3.6859825,32.560168,42.105252,78920.695,49649.302,102802.83
103,5.7562074,3.6122178,32.571908,41.9403332,77534.735,48655.709,101769.45
104,5.6563835,3.5410912,32.580183,41.7776577,76190.131,47697.651,100755.08
105,5.5595429,3.4723935,32.585053,41.6169894,74885.713,46772.309,99759.321
106,5.4655637,3.4061553,32.586585,41.458304,73619.834,45880.096,98781.813
107,5.3743476,3.342181,32.584844,41.3013726,72391.175,45018.378,97822.194
108,5.2857958,3.2804172,32.579896,41.146109,71198.404,44186.434,96880.117
109,5.1998114,3.220811,32.571811,40.9924334,70040.215,43383.554,95955.249
110,5.1163217,3.1631905,32.560651,40.8401632,68915.629,42607.419,95047.251
111,5.035229,3.1075914,32.546488,40.6893084,67823.329,41858.512,94155.81
112,4.9564555,3.0538144,32.529384,40.5396539,66762.27,41134.149,93280.602
113,4.8799308,3.0018977,32.50941,40.3912385,65731.5,40434.844,92421.33
114,4.8055689,2.9517285,32.486631,40.2439284,64729.862,39759.076,91577.69
115,4.7333037,2.9032362,32.461112,40.0976519,63756.468,39105.897,90749.391
116,4.6630623,2.8563545,32.432919,39.9523358,62810.332,38474.411,89936.146
117,4.5947962,2.8110198,32.402117,39.807933,61890.805,37863.764,89137.673
118,4.5284268,2.7672051,32.368772,39.6644039,60996.825,37273.59,88353.707
119,4.463908,2.724819,32.332946,39.521673,60127.773,36702.66,87583.978
120,4.4011639,2.6838699,32.294705,39.3797388,59282.624,36151.085,86828.225
121,4.3401404,2.6442413,32.254108,39.2384897,58460.652,35617.297,86086.192
122,4.2807798,2.6059143,32.211218,39.0979121,57661.08,35101.042,85357.631
123,4.2230236,2.5688406,32.166096,38.9579602,56883.116,34601.667,84642.296
124,4.1668247,2.5330028,32.118801,38.8186285,56126.131,34118.942,83939.95
125,4.1121251,2.4983276,32.069393,38.6798457,55389.34,33651.874,83250.357
126,4.0588847,2.4647714,32.017927,38.5415831,54672.205,33199.881,82573.287
127,4.0070617,2.4323238,31.964463,38.4038485,53974.162,32762.82,81908.52
128,3.9566065,2.4009219,31.909054,38.2665824,53294.543,32339.843,81255.831
129,3.9074713,2.3705562,31.851755,38.1297825,52632.703,31930.825,80615.007
130,3.8596211,2.3411937,31.79262,37.9934348,51988.172,31535.318,79985.838
131,3.8130159,2.3128036,31.7317,37.8575195,51360.411,31152.911,79368.115
132,3.7676211,2.2853293,31.669045,37.7219954,50748.955,30782.839,78761.631
133,3.7234025,2.2587906,31.604707,37.5869001,50153.34,30425.369,78166.196
134,3.6803299,2.2331326,31.538738,37.4522005,49573.162,30079.762,77581.62
135,3.6383582,2.2083272,31.471188,37.3178734,49007.813,29745.639,77007.725
136,3.5974669,2.1843474,31.402112,37.1839263,48457.018,29422.636,76444.339
137,3.5576135,2.1611669,31.33156,37.0503404,47920.202,29110.401,75891.297
138,3.5187856,2.1387835,31.259582,36.9171511,47397.2,28808.902,75348.429
139,3.4809681,2.1171503,31.186228,36.7843464,46887.806,28517.508,74815.581
140,3.4441103,2.0962665,31.111551,36.6519278,46391.341,28236.208,74292.605
141,3.408184,2.0760881,31.035602,36.5198741,45907.423,27964.41,73779.356
142,3.3731663,2.0565947,30.958431,36.388192,45435.742,27701.839,73275.696
143,3.3390205,2.0377874,30.880088,36.2568959,44975.806,27448.509,72781.487
144,3.3057323,2.0196467,30.800619,36.125998,44527.423,27204.158,72296.597
145,3.2732755,2.0021541,30.720067,35.9954966,44090.238,26968.536,71820.883
146,3.2416389,1.9852717,30.638473,35.8653836,43664.1,26741.135,71354.203
147,3.2108181,1.9690032,30.555874,35.7356953,43248.952,26522.002,70896.421
148,3.1808019,1.9533325,30.472307,35.6064414,42844.64,26310.921,70447.398
149,3.1515626,1.9382248,30.387805,35.4775924,42450.793,26107.425,70006.995
150,3.1230897,1.9237044,30.302404,35.3491981,42067.27,25911.838,69575.085
151,3.0953607,1.9097189,30.216137,35.2212166,41693.768,25723.457,69151.539
152,3.0683595,1.8962743,30.129036,35.0936698,41330.068,25542.361,68736.233
153,3.0420794,1.8833765,30.041137,34.9665929,40976.082,25368.63,68329.053
154,3.0165049,1.8709762,29.952472,34.8399531,40631.599,25201.601,67929.886
155,2.9916149,1.8590808,29.863075,34.7137707,40296.337,25041.373,67538.626
156,2.9673906,1.8476796,29.77298,34.5880502,39970.04,24887.802,67155.173
157,2.9438139,1.8367623,29.682217,34.4627932,39652.469,24740.749,66779.423
158,2.9208661,1.8263368,29.59082,34.3380229,39343.367,24600.32,66411.284
159,2.8985296,1.8163582,29.498818,34.2137058,39042.5,24465.911,66050.659
160,2.8767932,1.8068355,29.40624,34.0898687,38749.715,24337.642,65697.458
161,2.8556434,1.7977776,29.313115,33.966536,38464.833,24215.634,65351.592
162,2.8350634,1.789159,29.219465,33.8436874,38187.625,24099.544,65012.959
163,2.8150571,1.7809723,29.125314,33.7213434,37918.146,23989.271,64681.473
164,2.795618,1.7731934,29.030726,33.5995374,37656.306,23884.491,64357.137
165,2.7767349,1.7658667,28.935743,33.4783446,37401.954,23785.802,64039.906
166,2.758397,1.7589349,28.840423,33.3577549,37154.947,23692.432,63729.782
167,2.7405909,1.7524092,28.744793,33.2377931,36915.103,23604.532,63426.698
168,2.7232903,1.7463007,28.64889,33.118481,36682.069,23522.252,63130.61
169,2.7064634,1.7405875,28.552784,32.9998349,36455.415,23445.297,62841.558
170,2.6900902,1.7352649,28.4565,32.8818551,36234.871,23373.602,62559.484
171,2.6741631,1.7303284,28.360055,32.7645465,36020.337,23307.109,62284.313
172,2.6586784,1.7257903,28.263466,32.6479347,35811.762,23245.983,62015.98
173,2.643629,1.7216142,28.166752,32.5319952,35609.049,23189.731,61754.421
174,2.6290067,1.7178292,28.069932,32.4167679,35412.09,23138.749,61499.585
175,2.6148034,1.7144323,27.973023,32.3022587,35220.775,23092.992,61251.416
176,2.601014,1.711388,27.876043,32.188445,35035.036,23051.987,61009.863
177,2.5876354,1.7087265,27.779017,32.0753789,34854.829,23016.137,60774.897
178,2.5746639,1.7064294,27.681992,31.9630853,34680.106,22985.196,60546.537
179,2.5621037,1.7044951,27.585165,31.8517638,34510.923,22959.141,60325.142
180,2.5499089,1.702922,27.488644,31.7414749,34346.662,22937.951,60110.869
