CAD,T_mean_K,T_max_K,p_mean_Pa,p_mean_bar
-180,300,300,101325,1.01325
-170,302.84902,355.66559,102795.48,1.0279548
-160,306.77275,397.21474,105736.86,1.0573686
-150,311.80383,426.4155,110356.15,1.1035615
-140,318.07494,447.20855,116998.98,1.1699898
-130,325.80497,463.04744,126196.52,1.2619652
-120,335.29117,476.29109,138746.6,1.387466
-110,346.91997,491.3599,155849.62,1.5584962
-100,361.18626,505.96266,179333.75,1.7933375
-90,378.71628,519.95887,212037.23,2.1203723
-80,400.30722,533.98826,258475.35,2.5847535
-70,426.96582,548.50133,325985.55,3.2598555
-60,459.85118,563.61789,426647.25,4.2664725
-50,500.193,583.72536,580369.09,5.8036909
-40,548.9122,624.1386,818407.35,8.1840735
-30,605.36037,678.29952,1181100.4,11.811004
-20,664.52369,736.21097,1685444.6,16.854446
-19,670.15888,741.95862,1741300.5,17.413005
-18,675.68148,747.46304,1797480.7,17.974807
-17,681.06613,752.88321,1853696.6,18.536966
-16,686.2916,758.10926,1909655.2,19.096552
-15,691.33652,763.31301,1965035.2,19.650352
-14,696.17829,768.31418,2019487.9,20.194879
-13,700.79455,773.06325,2072640.3,20.726403
-12,705.17348,777.54416,2124131.9,21.241319
-11,709.42796,781.87772,2173970.2,21.739702
-10,713.90271,786.42949,2222898.4,22.228984
-9,719.18083,791.80394,2272473.4,22.724734
-8,726.08052,798.9338,2325094.1,23.250941
-7,735.64346,809.09899,2383993.4,23.839934
-6,749.11616,823.50433,2453178.5,24.531785
-5,767.91538,843.71956,2537301.8,25.373018
-4,793.57861,871.42671,2641450,26.4145
-3,827.69487,908.24763,2770849.8,27.708498
-2,871.824,955.82486,2930510.4,29.305104
-1,927.41646,1015.7028,3124864.5,31.248645
0,995.76524,1089.2414,3357515.7,33.575157
1,1077.9387,1177.6678,3630953.6,36.309536
2,1174.5621,1281.449,3945761.8,39.457618
3,1285.792,1400.6326,4300536.3,43.005363
4,1411.271,1535.407,4691788.5,46.917885
5,1550.0866,1685.2617,5113922.2,51.139222
6,1700.7477,1847.9137,5559301.1,55.593011
7,1861.178,2021.078,6018436.6,60.184366
8,2028.7362,2201.846,6480283.8,64.802838
9,2200.2637,2386.756,6932662,69.32662
10,2372.1858,2571.8771,7362810.4,73.628104
11,2540.6577,2753.3011,7758075.8,77.580758
12,2701.7719,2926.7001,8106698.1,81.066981
13,2851.7936,3087.819,8398624.4,83.986244
14,2987.4257,3233.0307,8626254.6,86.262546
15,3106.0502,3359.6403,8785010.9,87.850109
16,3205.9159,3466.961,8873638.2,88.736382
17,3286.2546,3554.8317,8894182.2,88.941822
18,3347.2773,3621.8464,8851643.3,88.516433
19,3390.0929,3669.1364,8753357.7,87.533577
20,3416.5228,3698.6307,8608201.6,86.082016
21,3428.869,3712.8,8425733.7,84.257337
22,3429.6606,3714.359,8215396.1,82.153961
23,3421.4094,3706.0816,7985865.3,79.858653
24,3406.4231,3690.4797,7744616.1,77.446161
25,3386.679,3669.6276,7497708.8,74.977088
26,3363.7615,3645.2356,7249778.2,72.497782
27,3338.7143,3618.4389,7003853.6,70.038536
28,3311.2335,3588.9191,6759878,67.59878
29,3283.9147,3559.4905,6523552.3,65.235523
30,3256.7902,3530.2011,6294982.6,62.949826
31,3230.9058,3492.4229,6081331.8,60.813318
32,3204.1623,3463.0481,5867970.4,58.679704
33,3177.7005,3434.7492,5662370.5,56.623705
34,3151.5388,3407.7462,5464437.5,54.644375
35,3125.6935,3380.9975,5274044.3,52.740443
36,3100.1777,3354.522,5091037.1,50.910371
37,3075.0036,3328.3371,4915241,49.15241
38,3050.1808,3302.4581,4746464.4,47.464644
39,3025.7181,3276.8991,4584502.8,45.845028
40,3001.6218,3251.672,4429142.9,44.291429
41,2977.8969,3226.7874,4280164.6,42.801646
42,2954.5469,3202.2542,4137344.7,41.373447
43,2931.5745,3178.0799,4000458,40.00458
44,2908.9812,3154.2706,3869280,38.6928
45,2886.7669,3130.8312,3743587.7,37.435877
46,2864.9318,3107.7655,3623161.3,36.231613
47,2843.4741,3085.076,3507784.6,35.077846
48,2822.3922,3062.7645,3397246.6,33.972466
49,2801.6833,3040.8315,3291342.1,32.913421
50,2781.3448,3019.2779,3189871.6,31.898716
51,2761.3727,2998.1039,3092641.9,30.926419
52,2741.7637,2977.3059,2999466.5,29.994665
53,2722.5136,2956.8815,2910165.7,29.101657
54,2703.6176,2936.8278,2824566.5,28.245665
55,2685.0712,2917.1415,2742502.7,27.425027
56,2666.8697,2897.8188,2663815.2,26.638152
57,2649.0079,2878.8559,2588351.1,25.883511
58,2631.4805,2860.2483,2515964.3,25.159643
59,2614.2825,2841.9915,2446515.3,24.465153
60,2597.4083,2824.0809,2379870.4,23.798704
61,2580.8529,2806.5113,2315902.5,23.159025
62,2564.6106,2789.2779,2254489.9,22.544899
63,2548.6758,2772.3753,2195516.9,21.955169
64,2533.0433,2755.7982,2138873,21.38873
65,2517.7078,2739.5414,2084452.9,20.844529
66,2502.6637,2723.5995,2032156.6,20.321566
67,2487.9059,2708.1904,1981888.7,19.818887
68,2473.4289,2693.1739,1933558.4,19.335584
69,2459.2276,2678.4401,1887079.2,18.870792
70,2445.2968,2663.9839,1842369.1,18.423691
71,2431.6313,2649.8006,1799349.6,17.993496
72,2418.2264,2635.8853,1757946.5,17.579465
73,2405.0768,2622.2334,1718088.8,17.180888
74,2392.1778,2608.84,1679709.3,16.797093
75,2379.5246,2595.7005,1642743.7,16.427437
76,2367.1125,2582.8104,1607131.2,16.071312
77,2354.9368,2570.1651,1572813.7,15.728137
78,2342.993,2557.7601,1539735.9,15.397359
79,2331.2767,2545.5909,1507845.3,15.078453
80,2319.7835,2533.6534,1477091.8,14.770918
81,2308.5091,2521.9431,1447427.9,14.474279
82,2297.4493,2510.4559,1418808.1,14.188081
83,2286.5999,2499.1877,1391189.4,13.911894
84,2275.9571,2488.1343,1364530.5,13.645305
85,2265.5168,2477.2917,1338792.2,13.387922
86,2255.2751,2466.656,1313937.4,13.139374
87,2245.2283,2456.2233,1289930.3,12.899303
88,2235.3727,2445.99,1266737.1,12.667371
89,2225.7047,2435.9523,1244325.5,12.443255
90,2216.2208,2426.1067,1222664.7,12.226647
91,2206.9174,2416.4498,1201725.1,12.017251
92,2197.7913,2406.978,1181478.9,11.814789
93,2188.8391,2397.6882,1161899.2,11.618992
94,2180.0576,2388.577,1142960.5,11.429605
95,2171.4437,2379.6413,1124638.5,11.246385
96,2162.9942,2370.878,1106909.8,11.069098
97,2154.7063,2362.284,1089752.2,10.897522
98,2146.5768,2353.8563,1073144.5,10.731445
99,2138.6031,2345.5921,1057066.4,10.570664
100,2130.7822,2337.4884,1041498.5,10.414985
101,2123.1115,2329.5426,1026422.4,10.264224
102,2115.5883,2321.7518,1011820.2,10.118202
103,2108.21,2314.1135,997675,9.97675
104,2100.974,2306.625,983970.67,9.8397067
105,2093.8778,2299.2837,970691.64,9.7069164
106,2086.919,2292.0873,957823.08,9.5782308
107,2080.0952,2285.0332,945350.78,9.4535078
108,2073.404,2278.1192,933261.14,9.3326114
109,2066.8433,2271.3429,921541.16,9.2154116
110,2060.4106,2264.7019,910178.35,9.1017835
111,2054.104,2258.1942,899160.78,8.9916078
112,2047.9213,2251.8175,888477,8.88477
113,2041.8603,2245.5697,878116.05,8.7811605
114,2035.9192,2239.4487,868067.41,8.6806741
115,2030.096,2233.4526,858321,8.58321
116,2024.3885,2227.5793,848867.16,8.4886716
117,2018.7951,2221.827,839696.62,8.3969662
118,2013.3139,2216.1937,830800.51,8.3080051
119,2007.9431,2210.6777,822170.28,8.2217028
120,2002.6809,2205.2771,813797.76,8.1379776
121,1997.5256,2199.9901,805675.12,8.0567512
122,1992.4755,2194.8152,797794.81,7.9779481
123,1987.5291,2189.7505,790149.59,7.9014959
124,1982.6848,2184.7945,782732.54,7.8273254
125,1977.941,2179.9456,775536.98,7.7553698
126,1973.2962,2175.2022,768556.52,7.6855652
127,1968.749,2170.5628,761785,7.61785
128,1964.2978,2166.026,755216.53,7.5521653
129,1959.9413,2161.5903,748845.43,7.4884543
130,1955.6783,2157.2543,742666.27,7.4266627
131,1951.5072,2153.0167,736673.8,7.366738
132,1947.4269,2148.876,730863.02,7.3086302
133,1943.4361,2144.8311,725229.1,7.252291
134,1939.5336,2140.8806,719767.43,7.1976743
135,1935.7182,2137.0234,714473.53,7.1447353
136,1931.9888,2133.2581,709343.15,7.0934315
137,1928.3442,2129.5837,704372.18,7.0437218
138,1924.7834,2125.999,699556.67,6.9955667
139,1921.3054,2122.5029,694892.85,6.9489285
140,1917.9089,2119.0943,690377.09,6.9037709
141,1914.5932,2115.772,686005.88,6.8600588
142,1911.3571,2112.5348,681775.9,6.817759
143,1908.1998,2109.3818,677683.91,6.7768391
144,1905.1205,2106.3121,673726.85,6.7372685
145,1902.118,2103.3248,669901.75,6.6990175
146,1899.1917,2100.419,666205.78,6.6620578
147,1896.3406,2097.5939,662636.22,6.6263622
148,1893.5641,2094.8486,659190.46,6.5919046
149,1890.8611,2092.1825,655866,6.55866
150,1888.2311,2089.5946,652660.43,6.5266043
151,1885.6732,2087.0844,649571.46,6.4957146
152,1883.1867,2084.651,646596.9,6.465969
153,1880.7711,2082.2938,643734.66,6.4373466
154,1878.4255,2080.0121,640982.74,6.4098274
155,1876.1493,2077.8053,638339.22,6.3833922
156,1873.9421,2075.6726,635802.27,6.3580227
157,1871.8031,2073.6136,633370.16,6.3337016
158,1869.7318,2071.6276,631041.23,6.3104123
159,1867.7277,2069.7141,628813.9,6.288139
160,1865.7902,2067.8726,626686.67,6.2668667
161,1863.9189,2066.1025,624658.14,6.2465814
162,1862.1133,2064.4034,622726.94,6.2272694
163,1860.3729,2062.7748,620891.82,6.2089182
164,1858.6973,2061.2161,619151.59,6.1915159
165,1857.0862,2059.7271,617505.12,6.1750512
166,1855.5389,2058.3073,615951.36,6.1595136
167,1854.0553,2056.9562,614489.31,6.1448931
168,1852.635,2055.6736,613118.05,6.1311805
169,1851.2776,2054.4591,611836.73,6.1183673
170,1849.9829,2053.3123,610644.54,6.1064454
171,1848.7505,2052.233,609540.75,6.0954075
172,1847.5803,2051.2209,608524.69,6.0852469
173,1846.472,2050.2758,607595.76,6.0759576
174,1845.4254,2049.3973,606753.39,6.0675339
175,1844.4403,2048.5853,605997.1,6.059971
176,1843.5166,2047.8396,605326.46,6.0532646
177,1842.6541,2047.1599,604741.11,6.0474111
178,1841.8527,2046.5462,604240.72,6.0424072
179,1841.1119,2045.9982,603825.06,6.0382506
180,1840.4317,2045.516,603493.9,6.034939
